display_theme,candidate_id,source_event_id,target_event_id,source_title,target_title,semantic_score,shared_day_count,full_period_signed_corr,peak_local_signed_corr,peak_window_start_utc,peak_window_end_utc,high_corr_window_count,high_corr_window_fraction,peak_lag_days,direction_hint,leading_event_id,lagging_event_id,calendar_ec_hybrid_score
crypto,p2-17022-to-15900,17022,15900,Bitcoin all time high by March 31?,Ethereum all time high by March 31?,0.7238637940335806,71,0.9229050301936216,0.9837718019463829,2025-02-23 00:00:00+00:00,2025-03-01 00:00:00+00:00,21,0.3230769230769231,-3.0,target_leads_source,15900,17022,0.9057993995725422
crypto,p2-17026-to-17022,17026,17022,Solana all time high by March 31?,Bitcoin all time high by March 31?,0.708292610130791,71,0.8858878486372694,0.982888548317226,2025-03-25 00:00:00+00:00,2025-03-31 00:00:00+00:00,39,0.6,2.0,source_leads_target,17026,17022,0.9005097668612955
crypto,p2-17023-to-15901,17023,15901,Bitcoin all time high by June 30?,Ethereum all time high by June 30?,0.7092032866936934,121,0.7305430233017891,0.9747966083692626,2025-01-28 00:00:00+00:00,2025-02-03 00:00:00+00:00,38,0.33043478260869563,3.0,source_leads_target,17023,15901,0.8951186118665918
crypto,p2-17051-to-15901,17051,15901,XRP all time high by when?,Ethereum all time high by June 30?,0.6389638668838759,161,0.8479664349792577,0.9792095669242037,2025-03-06 00:00:00+00:00,2025-03-12 00:00:00+00:00,42,0.2727272727272727,2.0,source_leads_target,17051,15901,0.8771358569121054
crypto,p2-17026-to-15900,17026,15900,Solana all time high by March 31?,Ethereum all time high by March 31?,0.6920176449193454,71,0.9779443989668031,0.9534155081607433,2025-02-03 00:00:00+00:00,2025-02-09 00:00:00+00:00,26,0.4,0.0,synchronous,,,0.8749961491883238
crypto,p2-17051-to-17042,17051,17042,XRP all time high by when?,Dogecoin all time high by when?,0.5764908035947154,150,0.8011057394540024,0.9892757128962583,2025-05-27 00:00:00+00:00,2025-06-02 00:00:00+00:00,38,0.3114754098360656,1.0,source_leads_target,17051,17042,0.8654402401057953
crypto,p2-17042-to-17023,17042,17023,Dogecoin all time high by when?,Bitcoin all time high by June 30?,0.6325461834569077,110,0.6049927160706712,0.9631077519338523,2025-05-03 00:00:00+00:00,2025-05-09 00:00:00+00:00,18,0.21951219512195122,-3.0,target_leads_source,17023,17042,0.8639392813907689
crypto,p2-17042-to-15901,17042,15901,Dogecoin all time high by when?,Ethereum all time high by June 30?,0.6187072520635576,151,0.9190841655657189,0.9653155878377359,2025-05-29 00:00:00+00:00,2025-06-04 00:00:00+00:00,29,0.23770491803278687,-3.0,target_leads_source,15901,17042,0.8613330871054824
crypto,p2-17051-to-17023,17051,17023,XRP all time high by when?,Bitcoin all time high by June 30?,0.6532558880087992,120,0.6582843457483375,0.9453177534659237,2025-05-04 00:00:00+00:00,2025-05-10 00:00:00+00:00,25,0.21929824561403508,0.0,synchronous,,,0.8576991938287863
crypto,p2-15901-to-17022,15901,17022,Ethereum all time high by June 30?,Bitcoin all time high by March 31?,0.2910995010104058,71,0.9699219526071682,0.9502613371894524,2025-03-05 00:00:00+00:00,2025-03-11 00:00:00+00:00,24,0.36923076923076925,0.0,synchronous,,,0.7525127863357384
crypto,p2-17051-to-17026,17051,17026,XRP all time high by when?,Solana all time high by March 31?,0.2869240749651605,70,0.505159338213937,0.9412958017610463,2025-03-17 00:00:00+00:00,2025-03-23 00:00:00+00:00,22,0.34375,-3.0,target_leads_source,17026,17051,0.7449842837222805
crypto,p2-17023-to-17026,17023,17026,Bitcoin all time high by June 30?,Solana all time high by March 31?,0.28451738439170293,71,0.7917709693696074,0.9305106773437141,2025-02-01 00:00:00+00:00,2025-02-07 00:00:00+00:00,17,0.26153846153846155,-2.0,target_leads_source,17026,17023,0.7367126894581107
germany,p2-18566-to-15625,18566,15625,AfD % of vote in German Election? [2% Brackets],AfD % of vote in German Election?,0.7415418760245926,29,0.9969686099160853,0.9997851345913562,2025-02-21 00:00:00+00:00,2025-02-27 00:00:00+00:00,11,0.4782608695652174,0.0,synchronous,,,0.9223121570213271
germany,p2-17241-to-17239,17241,17239,Will The Left wins 5% or more of vote in German election? ,FDP wins 5% or more of vote in German election? ,0.5957213087227146,50,-0.6439166327082936,-0.9939432646582994,2025-02-22 00:00:00+00:00,2025-02-28 00:00:00+00:00,18,0.4186046511627907,3.0,source_leads_target,17241,17239,0.874476677877624
germany,p2-15633-to-15628,15633,15628,Greens win over 15% of vote in German election? ,SPD % of vote in German Election?,0.5139480299771914,88,-0.8114855945661846,-0.9967750653976332,2025-02-21 00:00:00+00:00,2025-02-27 00:00:00+00:00,25,0.3048780487804878,3.0,source_leads_target,15633,15628,0.8519269547715006
germany,p2-15628-to-15625,15628,15625,SPD % of vote in German Election?,AfD % of vote in German Election?,0.4111439613977499,87,0.917076555437272,0.9995848534199705,2025-02-22 00:00:00+00:00,2025-02-28 00:00:00+00:00,28,0.345679012345679,0.0,synchronous,,,0.8230525858133042
germany,p2-18566-to-15628,18566,15628,AfD % of vote in German Election? [2% Brackets],SPD % of vote in German Election?,0.40224842228775026,29,0.9971463649895154,0.9995037781729176,2025-02-21 00:00:00+00:00,2025-02-27 00:00:00+00:00,9,0.391304347826087,0.0,synchronous,,,0.8203271714073673
germany,p2-17239-to-15625,17239,15625,FDP wins 5% or more of vote in German election? ,AfD % of vote in German Election?,0.39060617780125995,50,-0.9355889310709423,-0.9997093275700194,2025-02-22 00:00:00+00:00,2025-02-28 00:00:00+00:00,16,0.36363636363636365,0.0,synchronous,,,0.8169783826393916
germany,p2-15633-to-15625,15633,15625,Greens win over 15% of vote in German election? ,AfD % of vote in German Election?,0.3886313115787914,87,-0.9077681394278077,-0.9968332182127554,2025-02-21 00:00:00+00:00,2025-02-27 00:00:00+00:00,17,0.20987654320987653,0.0,synchronous,,,0.8143726462225661
germany,p2-18566-to-17239,18566,17239,AfD % of vote in German Election? [2% Brackets],FDP wins 5% or more of vote in German election? ,0.38215499559387467,29,-0.9750469883452173,-0.9995855610899156,2025-02-22 00:00:00+00:00,2025-02-28 00:00:00+00:00,13,0.5652173913043478,0.0,synchronous,,,0.8143563914411032
germany,p2-17239-to-15628,17239,15628,FDP wins 5% or more of vote in German election? ,SPD % of vote in German Election?,0.38174644956492854,50,-0.963414223821813,-0.9997330444593896,2025-02-22 00:00:00+00:00,2025-02-28 00:00:00+00:00,14,0.3181818181818182,0.0,synchronous,,,0.8143370659910513
germany,p2-17239-to-15633,17239,15633,FDP wins 5% or more of vote in German election? ,Greens win over 15% of vote in German election? ,0.3860977063011297,50,0.7958555338899097,0.9968939218512716,2025-02-21 00:00:00+00:00,2025-02-27 00:00:00+00:00,12,0.2727272727272727,-3.0,target_leads_source,15633,17239,0.8136550571862289
germany,p2-17241-to-15625,17241,15625,Will The Left wins 5% or more of vote in German election? ,AfD % of vote in German Election?,0.3931379300110742,50,0.8426881920973522,0.9937525450201287,2025-02-22 00:00:00+00:00,2025-02-28 00:00:00+00:00,22,0.5116279069767442,3.0,source_leads_target,17241,15625,0.8135681605174123
germany,p2-18566-to-17241,18566,17241,AfD % of vote in German Election? [2% Brackets],Will The Left wins 5% or more of vote in German election? ,0.3846319706382342,29,0.8959272926980693,0.9959312143303156,2025-02-22 00:00:00+00:00,2025-02-28 00:00:00+00:00,9,0.4090909090909091,0.0,synchronous,,,0.8125414412226912
germany,p2-15627-to-15625,15627,15625,CDU/CSU % of vote in German Election?,AfD % of vote in German Election?,0.3740844360154535,87,0.9137669036188565,0.9993380925476945,2025-02-21 00:00:00+00:00,2025-02-27 00:00:00+00:00,27,0.3333333333333333,0.0,synchronous,,,0.8117619955880221
germany,p2-17241-to-15628,17241,15628,Will The Left wins 5% or more of vote in German election? ,SPD % of vote in German Election?,0.38422077657817544,50,0.6220226154899933,0.994856997980802,2025-02-22 00:00:00+00:00,2025-02-28 00:00:00+00:00,17,0.3953488372093023,3.0,source_leads_target,17241,15628,0.811666131560014
germany,p2-18566-to-15633,18566,15633,AfD % of vote in German Election? [2% Brackets],Greens win over 15% of vote in German election? ,0.38022285771322406,29,-0.9425107698337263,-0.9952981914571343,2025-02-21 00:00:00+00:00,2025-02-27 00:00:00+00:00,6,0.2608695652173913,0.0,synchronous,,,0.8107755913339612
germany,p2-17241-to-15633,17241,15633,Will The Left wins 5% or more of vote in German election? ,Greens win over 15% of vote in German election? ,0.3886002364112128,50,-0.9181862500555441,-0.9840977189051724,2025-02-21 00:00:00+00:00,2025-02-27 00:00:00+00:00,15,0.3488372093023256,3.0,source_leads_target,17241,15633,0.8054484741569845
germany,p2-17239-to-15627,17239,15627,FDP wins 5% or more of vote in German election? ,CDU/CSU % of vote in German Election?,0.3481746609611521,50,-0.971624176064648,-0.9996293982601014,2025-02-22 00:00:00+00:00,2025-02-28 00:00:00+00:00,14,0.3181818181818182,0.0,synchronous,,,0.8041929770704166
germany,p2-18566-to-15627,18566,15627,AfD % of vote in German Election? [2% Brackets],CDU/CSU % of vote in German Election?,0.3405718637096402,29,0.9948805953297506,0.9996565900333134,2025-02-21 00:00:00+00:00,2025-02-27 00:00:00+00:00,8,0.34782608695652173,0.0,synchronous,,,0.8019311721362115
germany,p2-17241-to-15627,17241,15627,Will The Left wins 5% or more of vote in German election? ,CDU/CSU % of vote in German Election?,0.3504313891374746,50,0.6944188106921361,0.9953479599515439,2025-02-22 00:00:00+00:00,2025-02-28 00:00:00+00:00,23,0.5348837209302325,3.0,source_leads_target,17241,15627,0.8018729887073232
germany,p2-15628-to-15627,15628,15627,SPD % of vote in German Election?,CDU/CSU % of vote in German Election?,0.34020777247939693,88,0.9558194118720418,0.9995189902762897,2025-02-21 00:00:00+00:00,2025-02-27 00:00:00+00:00,24,0.2926829268292683,0.0,synchronous,,,0.8017256249372218
germany,p2-15633-to-15627,15633,15627,Greens win over 15% of vote in German election? ,CDU/CSU % of vote in German Election?,0.34641432429335506,88,-0.8640446105161225,-0.9950340640302909,2025-02-21 00:00:00+00:00,2025-02-27 00:00:00+00:00,21,0.25609756097560976,3.0,source_leads_target,15633,15627,0.8004481421092102
fed,p2-20377-to-16085,20377,16085,Fed rate cut in 2025?,How many Fed rate cuts in 2025?,0.4638277688716932,149,-0.9677612767538051,-1.0000000000000002,2025-05-10 00:00:00+00:00,2025-05-16 00:00:00+00:00,73,0.5104895104895105,0.0,synchronous,,,0.839148330661508
fed,p2-20377-to-16084,20377,16084,Fed rate cut in 2025?,Fed rate hike in 2025?,0.5065235563858801,148,0.5726922236384554,-0.966091783079296,2025-04-19 00:00:00+00:00,2025-04-25 00:00:00+00:00,24,0.17647058823529413,3.0,source_leads_target,20377,16084,0.8282213150712712
fed,p2-22449-to-20377,22449,20377,Fed rate cut by June meeting?,Fed rate cut in 2025?,0.5760990961544352,72,0.7789067663728629,0.9340376674778019,2025-04-13 00:00:00+00:00,2025-04-19 00:00:00+00:00,15,0.22727272727272727,3.0,source_leads_target,22449,20377,0.8266560960807918
fed,p2-22449-to-16085,22449,16085,Fed rate cut by June meeting?,How many Fed rate cuts in 2025?,0.28578388440858793,72,-0.8355728734299451,-0.9728897281176957,2025-05-16 00:00:00+00:00,2025-05-22 00:00:00+00:00,24,0.36363636363636365,2.0,source_leads_target,22449,16085,0.7667579750049633
fed,p2-16093-to-16084,16093,16084,Fed emergency rate cut in 2025?,Fed rate hike in 2025?,0.3089464979610156,214,0.5607493195500891,-0.9276855556685565,2025-05-18 00:00:00+00:00,2025-05-24 00:00:00+00:00,26,0.12935323383084577,-3.0,target_leads_source,16084,16093,0.7420638383562942
fed,p2-22449-to-16084,22449,16084,Fed rate cut by June meeting?,Fed rate hike in 2025?,0.31209056292714676,71,0.738831538243569,-0.9080304129098485,2025-05-16 00:00:00+00:00,2025-05-22 00:00:00+00:00,23,0.3898305084745763,3.0,source_leads_target,22449,16084,0.729248457915038
iran,p2-22032-to-22011,22032,22011,Israel military action against Iran in April?,US military action against Iran in April?,0.770741639040614,31,0.8471715050491069,0.9488913953526463,2025-04-01 00:00:00+00:00,2025-04-07 00:00:00+00:00,11,0.44,-1.0,target_leads_source,22011,22032,0.8954464684590366
